{
    "friendly": {
        "precision": 0.896774193548387,
        "recall": 0.7908961593172119,
        "f1-score": 0.8405139833711263,
        "support": 703.0
    },
    "threat": {
        "precision": 0.7586206896551724,
        "recall": 0.8783269961977186,
        "f1-score": 0.8140969162995595,
        "support": 526.0
    },
    "accuracy": 0.8283157038242474,
    "macro avg": {
        "precision": 0.8276974416017797,
        "recall": 0.8346115777574652,
        "f1-score": 0.8273054498353429,
        "support": 1229.0
    },
    "weighted avg": {
        "precision": 0.8376458428178492,
        "recall": 0.8283157038242474,
        "f1-score": 0.8292077366016843,
        "support": 1229.0
    },
    "overall": {
        "accuracy": 0.8283157038242474,
        "macro_f1": 0.8273054498353429,
        "macro_precision": 0.8276974416017797,
        "macro_recall": 0.8346115777574652
    }
}