{
    "friendly": {
        "precision": 0.4,
        "recall": 0.3076923076923077,
        "f1-score": 0.34782608695652173,
        "support": 13.0
    },
    "threat": {
        "precision": 0.3076923076923077,
        "recall": 0.4,
        "f1-score": 0.34782608695652173,
        "support": 10.0
    },
    "accuracy": 0.34782608695652173,
    "macro avg": {
        "precision": 0.35384615384615387,
        "recall": 0.35384615384615387,
        "f1-score": 0.34782608695652173,
        "support": 23.0
    },
    "weighted avg": {
        "precision": 0.359866220735786,
        "recall": 0.34782608695652173,
        "f1-score": 0.34782608695652173,
        "support": 23.0
    },
    "overall": {
        "accuracy": 0.34782608695652173,
        "macro_f1": 0.34782608695652173,
        "macro_precision": 0.35384615384615387,
        "macro_recall": 0.35384615384615387
    }
}