{
    "friendly": {
        "precision": 0.8461538461538461,
        "recall": 0.8461538461538461,
        "f1-score": 0.8461538461538461,
        "support": 13.0
    },
    "threat": {
        "precision": 0.8,
        "recall": 0.8,
        "f1-score": 0.8,
        "support": 10.0
    },
    "accuracy": 0.8260869565217391,
    "macro avg": {
        "precision": 0.823076923076923,
        "recall": 0.823076923076923,
        "f1-score": 0.823076923076923,
        "support": 23.0
    },
    "weighted avg": {
        "precision": 0.8260869565217391,
        "recall": 0.8260869565217391,
        "f1-score": 0.8260869565217391,
        "support": 23.0
    },
    "overall": {
        "accuracy": 0.8260869565217391,
        "macro_f1": 0.823076923076923,
        "macro_precision": 0.823076923076923,
        "macro_recall": 0.823076923076923
    }
}