{
    "friendly": {
        "precision": 0.5714285714285714,
        "recall": 0.9230769230769231,
        "f1-score": 0.7058823529411765,
        "support": 13.0
    },
    "threat": {
        "precision": 0.5,
        "recall": 0.1,
        "f1-score": 0.16666666666666666,
        "support": 10.0
    },
    "accuracy": 0.5652173913043478,
    "macro avg": {
        "precision": 0.5357142857142857,
        "recall": 0.5115384615384616,
        "f1-score": 0.4362745098039216,
        "support": 23.0
    },
    "weighted avg": {
        "precision": 0.5403726708074533,
        "recall": 0.5652173913043478,
        "f1-score": 0.47144075021312876,
        "support": 23.0
    },
    "overall": {
        "accuracy": 0.5652173913043478,
        "macro_f1": 0.4362745098039216,
        "macro_precision": 0.5357142857142857,
        "macro_recall": 0.5115384615384616
    }
}