{
    "friendly": {
        "precision": 0.375,
        "recall": 0.46153846153846156,
        "f1-score": 0.41379310344827586,
        "support": 13.0
    },
    "threat": {
        "precision": 0.0,
        "recall": 0.0,
        "f1-score": 0.0,
        "support": 10.0
    },
    "accuracy": 0.2608695652173913,
    "macro avg": {
        "precision": 0.1875,
        "recall": 0.23076923076923078,
        "f1-score": 0.20689655172413793,
        "support": 23.0
    },
    "weighted avg": {
        "precision": 0.21195652173913043,
        "recall": 0.2608695652173913,
        "f1-score": 0.23388305847076463,
        "support": 23.0
    },
    "overall": {
        "accuracy": 0.2608695652173913,
        "macro_f1": 0.20689655172413793,
        "macro_precision": 0.1875,
        "macro_recall": 0.23076923076923078
    }
}