{
    "friendly": {
        "precision": 0.6842105263157895,
        "recall": 1.0,
        "f1-score": 0.8125,
        "support": 13.0
    },
    "threat": {
        "precision": 1.0,
        "recall": 0.4,
        "f1-score": 0.5714285714285714,
        "support": 10.0
    },
    "accuracy": 0.7391304347826086,
    "macro avg": {
        "precision": 0.8421052631578947,
        "recall": 0.7,
        "f1-score": 0.6919642857142857,
        "support": 23.0
    },
    "weighted avg": {
        "precision": 0.8215102974828375,
        "recall": 0.7391304347826086,
        "f1-score": 0.7076863354037267,
        "support": 23.0
    },
    "overall": {
        "accuracy": 0.7391304347826086,
        "macro_f1": 0.6919642857142857,
        "macro_precision": 0.8421052631578947,
        "macro_recall": 0.7
    }
}