{
    "friendly": {
        "precision": 0.7647058823529411,
        "recall": 1.0,
        "f1-score": 0.8666666666666667,
        "support": 13.0
    },
    "threat": {
        "precision": 1.0,
        "recall": 0.6,
        "f1-score": 0.75,
        "support": 10.0
    },
    "accuracy": 0.8260869565217391,
    "macro avg": {
        "precision": 0.8823529411764706,
        "recall": 0.8,
        "f1-score": 0.8083333333333333,
        "support": 23.0
    },
    "weighted avg": {
        "precision": 0.8670076726342711,
        "recall": 0.8260869565217391,
        "f1-score": 0.8159420289855072,
        "support": 23.0
    },
    "overall": {
        "accuracy": 0.8260869565217391,
        "macro_f1": 0.8083333333333333,
        "macro_precision": 0.8823529411764706,
        "macro_recall": 0.8
    }
}