{
    "friendly": {
        "precision": 0.7061728395061728,
        "recall": 0.9285714285714286,
        "f1-score": 0.8022440392706872,
        "support": 308.0
    },
    "threat": {
        "precision": 0.8345864661654135,
        "recall": 0.4826086956521739,
        "f1-score": 0.6115702479338843,
        "support": 230.0
    },
    "accuracy": 0.7379182156133829,
    "macro avg": {
        "precision": 0.7703796528357931,
        "recall": 0.7055900621118012,
        "f1-score": 0.7069071436022858,
        "support": 538.0
    },
    "weighted avg": {
        "precision": 0.7610708583381903,
        "recall": 0.7379182156133829,
        "f1-score": 0.720729221412946,
        "support": 538.0
    },
    "overall": {
        "accuracy": 0.7379182156133829,
        "macro_f1": 0.7069071436022858,
        "macro_precision": 0.7703796528357931,
        "macro_recall": 0.7055900621118012
    }
}