{
    "friendly": {
        "precision": 1.0,
        "recall": 0.6153846153846154,
        "f1-score": 0.7619047619047619,
        "support": 13.0
    },
    "threat": {
        "precision": 0.6666666666666666,
        "recall": 1.0,
        "f1-score": 0.8,
        "support": 10.0
    },
    "accuracy": 0.782608695652174,
    "macro avg": {
        "precision": 0.8333333333333333,
        "recall": 0.8076923076923077,
        "f1-score": 0.780952380952381,
        "support": 23.0
    },
    "weighted avg": {
        "precision": 0.8550724637681159,
        "recall": 0.782608695652174,
        "f1-score": 0.7784679089026916,
        "support": 23.0
    },
    "overall": {
        "accuracy": 0.782608695652174,
        "macro_f1": 0.780952380952381,
        "macro_precision": 0.8333333333333333,
        "macro_recall": 0.8076923076923077
    }
}