{
    "friendly": {
        "precision": 0.8970588235294118,
        "recall": 0.8739255014326648,
        "f1-score": 0.8853410740203193,
        "support": 349.0
    },
    "threat": {
        "precision": 0.8594249201277955,
        "recall": 0.8848684210526315,
        "f1-score": 0.8719611021069692,
        "support": 304.0
    },
    "accuracy": 0.8790199081163859,
    "macro avg": {
        "precision": 0.8782418718286036,
        "recall": 0.8793969612426482,
        "f1-score": 0.8786510880636442,
        "support": 653.0
    },
    "weighted avg": {
        "precision": 0.8795385989749073,
        "recall": 0.8790199081163859,
        "f1-score": 0.8791121131295714,
        "support": 653.0
    },
    "overall": {
        "accuracy": 0.8790199081163859,
        "macro_f1": 0.8786510880636442,
        "macro_precision": 0.8782418718286036,
        "macro_recall": 0.8793969612426482
    }
}