{
    "friendly": {
        "precision": 0.8704819277108434,
        "recall": 0.8704819277108434,
        "f1-score": 0.8704819277108434,
        "support": 332.0
    },
    "threat": {
        "precision": 0.8237704918032787,
        "recall": 0.8237704918032787,
        "f1-score": 0.8237704918032787,
        "support": 244.0
    },
    "accuracy": 0.8506944444444444,
    "macro avg": {
        "precision": 0.8471262097570611,
        "recall": 0.8471262097570611,
        "f1-score": 0.8471262097570611,
        "support": 576.0
    },
    "weighted avg": {
        "precision": 0.8506944444444444,
        "recall": 0.8506944444444444,
        "f1-score": 0.8506944444444444,
        "support": 576.0
    },
    "overall": {
        "accuracy": 0.8506944444444444,
        "macro_f1": 0.8471262097570611,
        "macro_precision": 0.8471262097570611,
        "macro_recall": 0.8471262097570611
    }
}