{
    "friendly": {
        "precision": 0.8125,
        "recall": 1.0,
        "f1-score": 0.896551724137931,
        "support": 13.0
    },
    "threat": {
        "precision": 1.0,
        "recall": 0.7,
        "f1-score": 0.8235294117647058,
        "support": 10.0
    },
    "accuracy": 0.8695652173913043,
    "macro avg": {
        "precision": 0.90625,
        "recall": 0.85,
        "f1-score": 0.8600405679513184,
        "support": 23.0
    },
    "weighted avg": {
        "precision": 0.8940217391304348,
        "recall": 0.8695652173913043,
        "f1-score": 0.8648028926713114,
        "support": 23.0
    },
    "overall": {
        "accuracy": 0.8695652173913043,
        "macro_f1": 0.8600405679513184,
        "macro_precision": 0.90625,
        "macro_recall": 0.85
    }
}